City_ID,City,Country,Date,Lat,Lng,Max Temp,Humidity,Cloudiness,Wind Speed
0,Urucara,BR,2022-08-07 20:50:41,-2.5364,-57.76,91.42,44,10,2.95
1,Port Elizabeth,ZA,2022-08-07 20:50:41,-33.918,25.5701,61.32,99,100,12.66
2,Kushiro,JP,2022-08-07 20:50:41,42.975,144.3747,68.0,99,100,9.51
3,Yellowknife,CA,2022-08-07 20:46:03,62.456,-114.3525,63.12,67,75,5.75
4,Albany,US,2022-08-07 20:50:42,42.6001,-73.9662,92.26,59,68,1.01
5,Grindavik,IS,2022-08-07 20:50:42,63.8424,-22.4338,52.27,87,40,16.11
6,Carnarvon,AU,2022-08-07 20:50:43,-24.8667,113.6333,62.08,77,0,11.7
7,Bredasdorp,ZA,2022-08-07 20:50:43,-34.5322,20.0403,53.42,95,13,5.01
8,Rikitea,PF,2022-08-07 20:50:43,-23.1203,-134.9692,72.48,67,100,32.46
9,Kapaa,US,2022-08-07 20:50:43,22.0752,-159.319,82.72,76,100,11.5
10,East London,ZA,2022-08-07 20:50:15,-33.0153,27.9116,66.92,87,100,23.2
11,Atuona,PF,2022-08-07 20:50:44,-9.8,-139.0333,76.91,70,93,17.83
12,Hilo,US,2022-08-07 20:50:44,19.7297,-155.09,88.29,73,100,5.99
13,Mataura,NZ,2022-08-07 20:50:45,-46.1927,168.8643,33.48,85,10,6.38
14,Egvekinot,RU,2022-08-07 20:50:10,66.3167,-179.1667,37.11,43,48,14.07
15,Luganville,VU,2022-08-07 20:50:45,-15.5333,167.1667,79.54,78,6,2.21
16,Mehamn,NO,2022-08-07 20:50:45,71.0357,27.8492,48.15,93,75,11.5
17,Bandarbeyla,SO,2022-08-07 20:50:46,9.4942,50.8122,75.61,80,8,32.84
18,Punta Arenas,CL,2022-08-07 20:50:46,-53.15,-70.9167,39.31,75,20,12.66
19,Ambon,ID,2022-08-07 20:50:46,-3.6954,128.1814,75.24,16,40,3.44
20,Hecun,CN,2022-08-07 20:50:47,36.5333,114.1111,81.14,88,92,3.71
21,Hermanus,ZA,2022-08-07 20:50:47,-34.4187,19.2345,50.81,84,71,2.82
22,Aden,YE,2022-08-07 20:50:05,12.7794,45.0367,85.6,75,85,15.03
23,Itarema,BR,2022-08-07 20:50:47,-2.9248,-39.9167,78.53,80,55,18.45
24,Weligama,LK,2022-08-07 20:50:48,5.9667,80.4167,77.4,86,100,12.08
25,Hobart,AU,2022-08-07 20:48:05,-42.8794,147.3294,35.26,95,20,4.61
26,Ushuaia,AR,2022-08-07 20:48:52,-54.8,-68.3,40.66,56,0,5.75
27,Provideniya,RU,2022-08-07 20:50:48,64.3833,-173.3,44.71,81,100,15.99
28,Hamilton,US,2022-08-07 20:50:48,39.1834,-84.5333,90.37,69,75,9.22
29,Bitung,ID,2022-08-07 20:49:25,1.4451,125.1824,74.25,83,100,3.11
30,Tarakan,ID,2022-08-07 20:50:49,3.3,117.6333,78.46,78,100,5.17
31,Port Alfred,ZA,2022-08-07 20:50:49,-33.5906,26.891,61.18,97,100,4.0
32,Kedougou,SN,2022-08-07 20:50:50,12.5579,-12.1743,76.6,94,100,2.15
33,Poum,NC,2022-08-07 20:50:50,-20.2333,164.0167,74.62,83,0,11.65
34,Dondukovskaya,RU,2022-08-07 20:50:50,44.8819,40.3627,68.18,68,0,7.63
35,Kununurra,AU,2022-08-07 20:50:51,-15.7667,128.7333,67.98,77,75,3.44
36,Portland,US,2022-08-07 20:46:59,45.5234,-122.6762,99.86,30,0,5.01
37,Dunedin,NZ,2022-08-07 20:50:51,-45.8742,170.5036,41.81,51,86,5.99
38,Cabo San Lucas,MX,2022-08-07 20:50:52,22.8909,-109.9124,91.18,69,98,1.99
39,Alta Floresta,BR,2022-08-07 20:50:52,-9.8756,-56.0861,87.62,58,40,4.61
40,Tuatapere,NZ,2022-08-07 20:50:52,-46.1333,167.6833,35.55,83,31,9.55
41,Akdepe,TM,2022-08-07 20:50:52,42.0551,59.3788,75.29,38,4,8.95
42,Booue,GA,2022-08-07 20:50:53,-0.0921,11.9385,78.04,63,58,2.84
43,Grosseto,IT,2022-08-07 20:50:53,42.8333,11.25,80.29,69,0,4.61
44,Kuremaa,EE,2022-08-07 20:51:54,58.7353,26.5383,59.76,86,85,4.32
45,Thompson,CA,2022-08-07 20:48:47,55.7435,-97.8558,75.36,38,75,19.57
46,Faanui,PF,2022-08-07 20:51:54,-16.4833,-151.75,76.98,71,78,25.03
47,Bandiagara,ML,2022-08-07 20:51:54,14.3501,-3.6104,81.73,57,54,12.21
48,Tasiilaq,GL,2022-08-07 20:51:55,65.6145,-37.6368,41.22,95,100,7.78
49,Kodiak,US,2022-08-07 20:51:55,57.79,-152.4072,60.31,51,0,4.61
50,Vila,PT,2022-08-07 20:51:55,42.0304,-8.1588,66.7,75,3,1.72
51,Nadym,RU,2022-08-07 20:50:07,65.5333,72.5167,69.84,63,73,12.59
52,Esna,EG,2022-08-07 20:51:56,25.2934,32.554,91.42,20,14,15.39
53,Chinsali,ZM,2022-08-07 20:51:56,-10.5414,32.0816,56.53,55,0,5.41
54,Bud,US,2022-08-07 20:51:56,39.447,-86.1758,92.93,65,25,8.14
55,Kahului,US,2022-08-07 20:51:56,20.8947,-156.47,87.82,45,20,14.0
56,Vaini,TO,2022-08-07 20:51:57,-21.2,-175.2,77.16,88,20,6.91
57,Taloqan,AF,2022-08-07 20:51:57,36.7361,69.5345,76.35,24,0,4.85
58,Palmerston,AU,2022-08-07 20:51:58,-12.486,130.9833,75.18,89,0,0.0
59,Chokurdakh,RU,2022-08-07 20:51:58,70.6333,147.9167,47.93,51,100,13.87
60,Yenagoa,NG,2022-08-07 20:51:58,4.9247,6.2642,75.02,89,57,4.47
61,Arraial Do Cabo,BR,2022-08-07 20:51:59,-22.9661,-42.0278,73.36,83,100,9.22
62,Odienne,CI,2022-08-07 20:51:59,9.51,-7.5692,72.09,91,38,1.88
63,Kenai,US,2022-08-07 20:48:44,60.5544,-151.2583,60.89,67,0,17.27
64,Lorengau,PG,2022-08-07 20:51:59,-2.0226,147.2712,81.12,76,93,7.81
65,Lagoa,PT,2022-08-07 20:49:02,39.05,-27.9833,73.56,83,15,18.16
66,Alofi,NU,2022-08-07 20:49:58,-19.0595,-169.9187,78.69,73,40,11.5
67,Namie,JP,2022-08-07 20:52:00,37.4833,141.0,78.71,95,44,1.54
68,College,US,2022-08-07 20:52:00,64.8569,-147.8028,56.07,74,75,8.05
69,Cherskiy,RU,2022-08-07 20:52:00,68.75,161.3,41.88,65,93,2.46
70,Gramoteino,RU,2022-08-07 20:52:01,54.5368,86.3839,55.99,81,31,1.54
71,Edson,CA,2022-08-07 20:47:15,53.5835,-116.4356,78.94,31,20,8.05
72,Santa Helena,BR,2022-08-07 20:52:01,-2.2311,-45.3,80.55,69,24,4.72
73,Palmer,US,2022-08-07 20:52:01,42.1584,-72.3287,93.61,53,75,17.27
74,Idritsa,RU,2022-08-07 20:52:02,56.3316,28.8988,55.17,71,48,2.39
75,Victoria,HK,2022-08-07 20:52:02,22.2855,114.1577,84.38,88,97,8.99
76,Kingman,US,2022-08-07 20:52:03,35.1894,-114.053,98.26,17,25,4.0
77,Port Hardy,CA,2022-08-07 20:52:03,50.6996,-127.4199,62.6,88,40,2.3
78,Chicama,PE,2022-08-07 20:52:04,-7.8447,-79.1469,61.34,64,43,9.66
79,Jamestown,US,2022-08-07 20:50:42,42.097,-79.2353,87.19,48,0,10.36
80,Vestmanna,FO,2022-08-07 20:47:49,62.1564,-7.1664,52.72,94,100,12.66
81,Kaitangata,NZ,2022-08-07 20:52:04,-46.2817,169.8464,38.57,66,94,10.51
82,Arlit,NE,2022-08-07 20:52:05,18.7369,7.3853,102.13,17,100,7.27
83,Butaritari,KI,2022-08-07 20:52:05,3.0707,172.7902,82.15,71,100,15.93
84,Sobolevo,RU,2022-08-07 20:52:06,54.4299,31.8996,53.24,95,4,6.46
85,Ribeira Grande,PT,2022-08-07 20:52:06,38.5167,-28.7,73.8,94,75,11.5
86,Tawang,IN,2022-08-07 20:52:06,27.5833,91.8667,55.51,91,42,5.19
87,Nanortalik,GL,2022-08-07 20:52:07,60.1432,-45.2371,45.25,81,6,9.24
88,Sekoma,BW,2022-08-07 20:52:07,-24.4,23.8833,66.65,26,6,5.53
89,Kulhudhuffushi,MV,2022-08-07 20:52:08,6.6221,73.07,80.1,83,100,18.28
90,Bethel,US,2022-08-07 20:50:56,41.3712,-73.414,92.35,63,0,18.41
91,Dikson,RU,2022-08-07 20:53:08,73.5069,80.5464,42.1,100,100,9.44
92,Taree,AU,2022-08-07 20:53:08,-31.9,152.4667,50.11,84,65,7.52
93,Damara,CF,2022-08-07 20:53:09,4.9608,18.7035,68.88,98,100,1.25
94,Lebu,CL,2022-08-07 20:53:09,-37.6167,-73.65,47.1,85,100,9.51
95,Jackson,US,2022-08-07 20:53:09,42.4165,-122.8345,98.02,25,0,3.0
96,Hvide Sande,DK,2022-08-07 20:53:10,56.0045,8.1294,57.09,82,23,9.44
97,Hami,CN,2022-08-07 20:53:10,42.8,93.45,84.04,24,39,11.59
98,Moranbah,AU,2022-08-07 20:53:10,-22.0016,148.0466,51.96,50,0,11.54
99,Tornio,FI,2022-08-07 20:53:11,65.8481,24.1466,53.62,75,65,7.78
100,Asau,RO,2022-08-07 20:53:11,46.4333,26.4,63.52,91,0,4.36
101,Middletown,US,2022-08-07 20:53:11,39.5151,-84.3983,90.81,65,40,48.0
102,Namatanai,PG,2022-08-07 20:53:11,-3.6667,152.4333,78.76,81,95,6.44
103,Pisco,PE,2022-08-07 20:53:12,-13.7,-76.2167,66.25,68,20,13.8
104,Saint-Philippe,RE,2022-08-07 20:53:12,-21.3585,55.7679,67.59,81,21,4.43
105,Sitka,US,2022-08-07 20:53:12,57.0531,-135.33,57.09,82,100,8.05
106,Avarua,CK,2022-08-07 20:53:13,-21.2078,-159.775,75.25,57,40,20.71
107,Leshukonskoye,RU,2022-08-07 20:51:04,64.8989,45.7622,59.58,86,100,3.8
108,Khatanga,RU,2022-08-07 20:53:13,71.9667,102.5,51.22,81,64,7.25
109,Cape Town,ZA,2022-08-07 20:50:48,-33.9258,18.4232,56.88,86,20,8.05
110,Grand Gaube,MU,2022-08-07 20:50:05,-20.0064,57.6608,66.6,78,8,3.0
111,Airai,TL,2022-08-07 20:53:14,-8.9266,125.4092,57.34,58,9,2.95
112,Lodwar,KE,2022-08-07 20:53:14,3.1191,35.5973,86.65,37,100,12.97
113,Leningradskiy,RU,2022-08-07 20:53:15,69.3833,178.4167,32.16,96,100,20.24
114,Mahebourg,MU,2022-08-07 20:53:15,-20.4081,57.7,66.49,94,75,3.44
115,Joshimath,IN,2022-08-07 20:53:15,30.5667,79.5667,70.63,82,100,2.93
116,Shahrud,IR,2022-08-07 20:53:16,36.4182,54.9763,76.3,56,9,6.08
117,Hithadhoo,MV,2022-08-07 20:52:09,-0.6,73.0833,81.82,70,100,4.43
118,Agadez,NE,2022-08-07 20:53:16,19.75,10.25,97.27,14,100,2.62
119,Maragogi,BR,2022-08-07 20:53:16,-9.0122,-35.2225,74.75,73,22,9.53
120,Scarborough,GB,2022-08-07 20:49:11,54.2797,-0.4044,63.97,80,41,1.99
121,Bathsheba,BB,2022-08-07 20:53:17,13.2167,-59.5167,84.81,92,75,19.57
122,Mamontovo,RU,2022-08-07 20:53:17,52.7055,81.6244,64.72,50,56,4.0
123,Mount Darwin,ZW,2022-08-07 20:53:17,-16.7725,31.5838,56.68,47,0,2.19
124,Surgut,RU,2022-08-07 20:53:18,61.25,73.4167,55.58,88,0,2.24
125,Gimli,CA,2022-08-07 20:53:18,50.6336,-96.9907,70.7,48,64,4.88
126,Anadyr,RU,2022-08-07 20:53:19,64.75,177.4833,45.1,56,20,22.37
127,Kamenka,RU,2022-08-07 20:53:19,51.3223,42.7678,69.17,46,14,8.34
128,Ocampo,MX,2022-08-07 20:53:19,21.65,-101.5,77.14,29,82,16.71
129,Chuy,UY,2022-08-07 20:53:19,-33.6971,-53.4616,48.92,83,6,9.28
130,Lyuban,BY,2022-08-07 20:53:20,52.7985,28.0048,55.49,76,6,6.24
131,Oranjestad,AW,2022-08-07 20:53:20,12.524,-70.027,81.25,84,6,18.23
132,Khakhea,BW,2022-08-07 20:53:20,-24.6895,23.494,70.3,23,0,9.06
133,New Norfolk,AU,2022-08-07 20:53:21,-42.7826,147.0587,34.92,87,13,2.59
134,Kropotkin,RU,2022-08-07 20:49:41,45.4375,40.5756,70.83,58,2,5.77
135,Qaanaaq,GL,2022-08-07 20:53:21,77.484,-69.3632,44.91,53,5,4.9
136,Aklavik,CA,2022-08-07 20:53:21,68.2191,-135.0107,49.87,66,98,3.09
137,Karratha,AU,2022-08-07 20:53:22,-20.7377,116.8463,63.59,51,0,8.68
138,Tolaga Bay,NZ,2022-08-07 20:54:22,-38.3667,178.3,52.61,93,100,7.96
139,Bluff,NZ,2022-08-07 20:54:22,-46.6,168.3333,33.8,64,45,19.35
140,Oksfjord,NO,2022-08-07 20:54:23,70.2396,22.3479,50.18,89,100,8.81
141,Plettenberg Bay,ZA,2022-08-07 20:52:56,-34.0527,23.3716,58.06,83,25,9.73
142,Ibra,OM,2022-08-07 20:54:23,22.6906,58.5334,87.62,49,19,4.52
143,Port Lincoln,AU,2022-08-07 20:54:23,-34.7333,135.8667,47.64,76,1,7.14
144,Fairbanks,US,2022-08-07 20:50:02,64.8378,-147.7164,56.08,74,75,8.05
145,Saskylakh,RU,2022-08-07 20:54:24,71.9167,114.0833,48.25,70,100,3.83
146,Mantua,IT,2022-08-07 20:54:24,45.1667,10.7833,79.84,84,40,5.88
147,Nikolskoye,RU,2022-08-07 20:54:25,59.7035,30.7861,57.09,79,11,3.65
148,Chunskiy,RU,2022-08-07 20:54:25,56.0815,99.6342,48.43,85,47,2.15
149,Araouane,ML,2022-08-07 20:53:39,18.9048,-3.5265,102.99,15,9,5.7
150,Mineiros,BR,2022-08-07 20:54:26,-17.5694,-52.5511,84.81,24,40,3.49
151,Horsham,GB,2022-08-07 20:54:26,51.064,-0.3272,72.73,57,0,6.91
152,Salalah,OM,2022-08-07 20:54:26,17.0151,54.0924,76.3,94,95,7.09
153,Gunjur,GM,2022-08-07 20:54:27,13.2019,-16.7339,77.07,100,75,0.0
154,Gafanha Da Encarnacao,PT,2022-08-07 20:54:27,40.6181,-8.733,67.01,84,7,5.32
155,Akureyri,IS,2022-08-07 20:54:28,65.6835,-18.0878,57.13,77,40,6.91
156,Barrow,US,2022-08-07 20:53:46,71.2906,-156.7887,46.71,61,86,4.81
157,Skjervoy,NO,2022-08-07 20:54:28,70.0311,20.9714,50.0,82,100,16.58
158,Ornskoldsvik,SE,2022-08-07 20:54:28,63.2909,18.7153,50.95,76,20,5.75
159,Puerto Ayora,EC,2022-08-07 20:54:29,-0.7393,-90.3518,76.96,88,62,5.01
160,Okhotsk,RU,2022-08-07 20:54:29,59.3833,143.3,54.3,87,100,9.28
161,Lhokseumawe,ID,2022-08-07 20:54:29,5.1801,97.1507,77.18,83,71,3.51
162,Ilulissat,GL,2022-08-07 20:54:30,69.2167,-51.1,38.71,92,72,3.44
163,Anchorage,US,2022-08-07 20:54:30,61.2181,-149.9003,61.95,66,100,23.02
164,Busselton,AU,2022-08-07 20:54:31,-33.65,115.3333,57.33,75,100,21.47
165,Cisarua,ID,2022-08-07 20:54:31,-6.6527,106.471,66.79,93,7,2.73
166,Fortuna,US,2022-08-07 20:49:51,40.5982,-124.1573,72.93,74,100,8.01
167,Partizansk,RU,2022-08-07 20:54:31,43.1258,133.1339,72.39,99,99,1.21
168,Shimoda,JP,2022-08-07 20:54:32,34.6667,138.95,79.11,88,41,7.11
169,Tuktoyaktuk,CA,2022-08-07 20:54:32,69.4541,-133.0374,46.4,76,100,5.75
170,Norman Wells,CA,2022-08-07 20:54:33,65.282,-126.8329,66.24,52,75,8.05
171,Olafsvik,IS,2022-08-07 20:54:33,64.8945,-23.7142,51.44,83,100,14.12
172,Keti Bandar,PK,2022-08-07 20:54:33,24.1447,67.4497,81.97,91,100,12.57
173,Bayan,CN,2022-08-07 20:54:34,46.0833,127.4,58.46,96,1,6.2
174,Pyapon,MM,2022-08-07 20:54:34,16.2833,95.6833,75.33,96,100,6.33
175,Ponta Delgada,PT,2022-08-07 20:54:34,37.7333,-25.6667,72.32,88,40,5.75
176,Kortkeros,RU,2022-08-07 20:54:35,61.8106,51.5806,64.4,70,65,6.2
177,Manuk Mangkaw,PH,2022-08-07 20:54:35,4.8,119.85,81.18,78,97,7.29
178,Tiksi,RU,2022-08-07 20:54:35,71.6872,128.8694,46.22,96,100,3.89
179,Beloha,MG,2022-08-07 20:53:43,-25.1667,45.05,61.16,91,0,6.44
180,Novoagansk,RU,2022-08-07 20:54:36,61.9449,76.6625,57.33,74,93,0.34
181,La Asuncion,VE,2022-08-07 20:54:36,11.0333,-63.8628,91.13,55,1,12.66
182,Caravelas,BR,2022-08-07 20:54:37,-17.7125,-39.2481,73.94,79,0,9.62
183,Bilma,NE,2022-08-07 20:54:37,18.6853,12.9164,94.64,30,31,10.69
184,Jacareacanga,BR,2022-08-07 20:55:37,-6.2222,-57.7528,84.04,61,75,1.23
185,Balkhash,KZ,2022-08-07 20:55:38,46.844,74.9804,74.61,37,93,9.04
186,Deniliquin,AU,2022-08-07 20:55:38,-35.5333,144.9667,39.81,92,6,4.05
187,San Policarpo,PH,2022-08-07 20:55:38,12.1791,125.5072,75.6,86,100,2.82
188,Kasganj,IN,2022-08-07 20:55:38,27.8167,78.65,80.96,81,98,4.7
189,Awjilah,LY,2022-08-07 20:55:38,29.1081,21.2869,81.97,50,0,14.58
190,Nizhniy Tsasuchey,RU,2022-08-07 20:55:39,50.5167,115.1333,48.65,74,2,10.36
191,Ambilobe,MG,2022-08-07 20:55:39,-13.2,49.05,63.34,83,33,3.76
192,Cockburn Town,TC,2022-08-07 20:50:52,21.4612,-71.1419,85.96,74,75,13.8
193,Paita,PE,2022-08-07 20:55:40,-5.0892,-81.1144,67.23,74,5,19.84
194,Puerto Madryn,AR,2022-08-07 20:55:40,-42.7692,-65.0385,44.2,69,100,9.73
195,Gravdal,NO,2022-08-07 20:55:40,68.1214,13.5031,49.89,100,75,6.91
196,Le Vauclin,MQ,2022-08-07 20:55:41,14.5452,-60.8388,80.65,89,100,8.05
197,Makakilo City,US,2022-08-07 20:55:41,21.3469,-158.0858,83.95,61,75,12.66
198,Gainesville,US,2022-08-07 20:54:09,29.6516,-82.3248,92.79,56,75,10.36
199,Cidreira,BR,2022-08-07 20:55:42,-30.1811,-50.2056,58.77,88,100,12.21
200,Pavlovskiy Posad,RU,2022-08-07 20:55:42,55.7847,38.6506,67.78,98,100,4.74
201,Nezhinka,RU,2022-08-07 20:55:42,51.7676,55.3694,68.2,56,0,7.0
202,Alta,NO,2022-08-07 20:51:58,69.9689,23.2717,49.26,83,75,1.14
203,Nome,US,2022-08-07 20:51:04,64.5011,-165.4064,48.27,87,100,13.8
204,Sibu,MY,2022-08-07 20:55:43,2.3,111.8167,73.71,94,40,3.44
205,Moose Factory,CA,2022-08-07 20:55:43,51.2585,-80.6094,64.4,63,0,12.66
206,Segamat,MY,2022-08-07 20:55:44,2.5148,102.8158,74.86,93,46,2.24
207,Georgetown,MY,2022-08-07 20:55:14,5.4112,100.3354,81.95,92,20,2.3
208,Souillac,MU,2022-08-07 20:55:44,-20.5167,57.5167,66.58,94,75,3.44
209,Hovd,MN,2022-08-07 20:55:44,48.0056,91.6419,62.35,36,0,3.8
210,Torbay,CA,2022-08-07 20:55:45,47.6666,-52.7314,77.77,74,75,18.41
211,Marsa Matruh,EG,2022-08-07 20:55:45,31.3525,27.2453,79.2,75,0,8.77
212,Kavieng,PG,2022-08-07 20:55:45,-2.5744,150.7967,81.27,80,99,13.35
213,Durango,MX,2022-08-07 20:52:30,24.8333,-104.8333,81.16,26,98,14.81
214,Chihuahua,MX,2022-08-07 20:55:46,28.5,-106.0,85.39,27,58,12.12
215,Zomba,MW,2022-08-07 20:55:46,-15.386,35.3188,59.25,58,0,2.91
216,Hasaki,JP,2022-08-07 20:55:46,35.7333,140.8333,77.4,91,10,11.72
217,Linhares,BR,2022-08-07 20:55:47,-19.3911,-40.0722,73.62,66,4,9.19
218,Meulaboh,ID,2022-08-07 20:55:47,4.1363,96.1285,75.87,88,84,4.09
219,Los Llanos De Aridane,ES,2022-08-07 20:55:47,28.6585,-17.9182,74.12,82,100,14.97
220,Fallon,US,2022-08-07 20:55:48,39.4735,-118.7774,95.92,21,20,6.91
221,Kokopo,PG,2022-08-07 20:55:48,-4.352,152.2633,77.04,81,54,5.88
222,Deputatskiy,RU,2022-08-07 20:55:48,69.3,139.9,46.67,96,100,4.23
223,Sorong,ID,2022-08-07 20:55:49,-0.8833,131.25,77.18,87,95,8.05
224,Havoysund,NO,2022-08-07 20:55:49,70.9963,24.6622,50.23,85,100,19.42
225,Pokhara,NP,2022-08-07 20:55:49,28.2333,83.9833,72.66,84,99,3.31
226,Namibe,AO,2022-08-07 20:56:50,-15.1961,12.1522,61.81,89,38,1.5
227,Viedma,AR,2022-08-07 20:56:50,-40.8135,-62.9967,47.07,73,100,6.64
228,Half Moon Bay,US,2022-08-07 20:56:50,37.4636,-122.4286,81.57,65,100,11.5
229,Bismarck,US,2022-08-07 20:52:17,46.8083,-100.7837,69.66,67,100,1.99
230,Mackay,AU,2022-08-07 20:56:51,-21.15,149.2,55.69,68,3,11.74
231,Benguela,AO,2022-08-07 20:56:51,-12.5763,13.4055,67.05,86,40,2.98
232,Horki,BY,2022-08-07 20:56:51,54.2861,30.9842,54.12,92,2,4.81
233,Qarqin,AF,2022-08-07 20:56:52,37.4185,66.0436,86.23,19,0,8.52
234,Chilca,PE,2022-08-07 20:56:52,-12.5211,-76.7372,61.52,84,86,6.82
235,Sangar,RU,2022-08-07 20:56:52,63.9242,127.4739,49.75,96,21,4.27
236,Kashi,CN,2022-08-07 20:56:53,39.4547,75.9797,78.01,41,75,6.71
237,Bambous Virieux,MU,2022-08-07 20:56:53,-20.3428,57.7575,66.45,94,75,3.44
238,Mar Del Plata,AR,2022-08-07 20:56:53,-38.0023,-57.5575,47.08,81,75,10.36
239,Azpeitia,ES,2022-08-07 20:56:53,43.1825,-2.2669,74.61,68,41,3.04
240,Coihaique,CL,2022-08-07 20:56:54,-45.5752,-72.0662,40.95,65,100,4.61
241,Kosh-Agach,RU,2022-08-07 20:56:54,50.0,88.6667,51.84,85,100,1.16
242,Iquitos,PE,2022-08-07 20:54:40,-3.7481,-73.2472,91.44,55,75,4.61
243,Sulangan,PH,2022-08-07 20:56:54,11.1373,123.7228,81.23,75,100,8.21
244,Alice Springs,AU,2022-08-07 20:56:55,-23.7,133.8833,35.15,64,0,0.0
245,Goba,ET,2022-08-07 20:56:55,7.0167,39.9833,52.2,99,100,1.28
246,Taybad,IR,2022-08-07 20:56:55,34.74,60.7756,82.09,22,0,18.23
247,Celestun,MX,2022-08-07 20:56:56,20.8667,-90.4,80.71,81,80,12.82
248,Rincon,US,2022-08-07 20:54:36,32.296,-81.2354,85.96,62,75,11.5
249,Miraflores,MX,2022-08-07 20:56:56,19.2167,-98.8083,75.02,63,100,2.66
250,Petropavlovsk-Kamchatskiy,RU,2022-08-07 20:56:57,53.0452,158.6483,54.19,100,100,2.24
251,Inhambane,MZ,2022-08-07 20:56:57,-23.865,35.3833,69.6,82,38,10.76
252,Moerai,PF,2022-08-07 20:56:57,-22.4333,-151.3333,70.79,64,99,28.14
253,Aksay,RU,2022-08-07 20:56:58,47.26,39.87,84.25,17,1,8.01
254,Oyama,JP,2022-08-07 20:56:58,36.3,139.8,83.59,89,22,2.93
255,Klaksvik,FO,2022-08-07 20:56:58,62.2266,-6.589,54.52,98,98,15.64
256,Esik,KZ,2022-08-07 20:56:58,43.3552,77.4525,65.62,57,98,6.4
257,Langsa,ID,2022-08-07 20:56:59,4.4683,97.9683,75.15,92,96,2.04
258,Guerrero Negro,MX,2022-08-07 20:56:59,27.9769,-114.0611,88.09,51,94,10.07
259,Port Hedland,AU,2022-08-07 20:57:00,-20.3167,118.5667,53.65,71,0,6.91
260,Oakdale,US,2022-08-07 20:55:49,44.963,-92.9649,75.61,75,40,9.22
261,Oktyabrskoye,RU,2022-08-07 20:57:00,43.0645,44.7417,64.54,100,98,2.24
262,Ewa Beach,US,2022-08-07 20:57:01,21.3156,-158.0072,85.37,61,75,12.66
263,Laguna,US,2022-08-07 20:57:01,38.421,-121.4238,94.14,35,0,5.01
264,At-Bashi,KG,2022-08-07 20:57:01,41.1702,75.8106,60.17,65,95,0.89
265,Nakhon Phanom,TH,2022-08-07 20:57:02,17.3333,104.4167,73.69,97,100,2.91
266,Atbasar,KZ,2022-08-07 20:57:02,51.8,68.3333,59.9,87,16,7.65
267,Sayat,TM,2022-08-07 20:57:03,38.7839,63.8803,80.47,25,0,9.4
268,Salisbury,GB,2022-08-07 20:53:06,51.0693,-1.7957,67.01,63,0,3.53
269,Autazes,BR,2022-08-07 20:57:03,-3.5797,-59.1306,90.28,47,95,3.0
270,Pevek,RU,2022-08-07 20:57:04,69.7008,170.3133,32.43,94,100,16.93
271,Ancud,CL,2022-08-07 20:57:04,-41.8697,-73.8203,47.23,69,14,1.07
272,Haines Junction,CA,2022-08-07 20:58:05,60.7522,-137.5108,58.95,51,93,2.3
273,Luebo,CD,2022-08-07 20:58:05,-5.35,21.4167,78.49,30,100,1.66
274,Basoko,CD,2022-08-07 20:58:05,1.2391,23.616,74.17,82,90,3.6
275,Kundiawa,PG,2022-08-07 20:58:07,-6.0167,144.9667,58.06,84,100,2.24
276,Upernavik,GL,2022-08-07 20:55:54,72.7868,-56.1549,42.37,83,78,8.23
277,San Quintin,MX,2022-08-07 20:58:07,30.4833,-115.95,77.13,73,95,4.9
278,Rocha,UY,2022-08-07 20:55:00,-34.4833,-54.3333,45.3,84,91,6.22
279,Harper,LR,2022-08-07 20:58:08,4.375,-7.7169,73.58,81,100,8.1
280,Mana,GF,2022-08-07 20:58:09,5.6592,-53.7767,81.48,76,100,11.21
281,Belle Fourche,US,2022-08-07 20:58:09,44.6714,-103.8522,83.5,21,5,16.44
282,Aksu,CN,2022-08-07 20:58:09,41.1231,80.2644,78.01,42,0,3.62
283,Vila Franca Do Campo,PT,2022-08-07 20:58:10,37.7167,-25.4333,72.01,88,29,6.69
284,Cayenne,GF,2022-08-07 20:58:10,4.9333,-52.3333,86.04,3,0,6.91
285,Hun,LY,2022-08-07 20:58:10,29.1268,15.9477,84.88,32,0,12.84
286,Sinnamary,GF,2022-08-07 20:58:11,5.3833,-52.95,79.97,78,99,10.6
287,Antofagasta,CL,2022-08-07 20:55:44,-23.65,-70.4,58.28,62,2,12.21
288,Elizabeth City,US,2022-08-07 20:58:11,36.2946,-76.2511,92.01,62,100,4.0
289,Chifeng,CN,2022-08-07 20:58:12,42.2683,118.9636,66.52,57,100,4.52
290,Feldkirchen An Der Donau,AT,2022-08-07 20:58:12,48.3452,14.0513,66.52,70,0,3.44
291,Suraabad,AZ,2022-08-07 20:58:12,40.8192,49.4687,79.72,62,94,14.67
292,Rovinj,HR,2022-08-07 20:58:13,45.08,13.64,80.42,67,99,6.31
293,Chalmette,US,2022-08-07 20:58:13,29.9427,-89.9634,91.99,65,90,3.0
294,Auki,SB,2022-08-07 20:58:13,-8.7676,160.7034,78.94,84,79,3.06
295,Zabid,YE,2022-08-07 20:58:14,14.1951,43.3152,88.36,62,79,11.56
296,Longyearbyen,SJ,2022-08-07 20:58:14,78.2186,15.6401,46.24,93,75,9.22
297,Daru,PG,2022-08-07 20:58:14,-9.0763,143.2092,77.07,90,90,14.9
298,Varzea Grande,BR,2022-08-07 20:58:15,-15.6467,-56.1325,93.07,31,20,4.61
299,Castro,BR,2022-08-07 20:55:17,-24.7911,-50.0119,57.54,95,100,2.24
300,Sao Filipe,CV,2022-08-07 20:58:15,14.8961,-24.4956,79.79,83,93,5.01
301,Jumla,NP,2022-08-07 20:58:16,29.2747,82.1838,61.18,87,100,2.71
302,Dingle,PH,2022-08-07 20:58:16,10.9995,122.6711,73.92,92,100,3.89
303,Klyuchi,RU,2022-08-07 20:58:16,52.2667,79.1667,62.13,68,7,6.46
304,Lompoc,US,2022-08-07 20:55:59,34.6391,-120.4579,88.7,63,0,25.99
305,Tsumeb,NA,2022-08-07 20:58:17,-19.2333,17.7167,68.97,22,10,5.01
306,Ngorongoro,TZ,2022-08-07 20:58:17,-3.2397,35.4875,47.61,74,44,4.99
307,Kalmunai,LK,2022-08-07 20:57:11,7.4167,81.8167,79.41,69,92,3.6
308,Kargasok,RU,2022-08-07 20:58:17,59.0556,80.8572,53.08,85,1,7.87
309,Castres,FR,2022-08-07 20:58:18,43.5833,2.1667,77.9,31,0,2.3
310,Laranjeiras Do Sul,BR,2022-08-07 20:58:18,-25.4078,-52.4161,59.43,97,100,6.15
311,Ostersund,SE,2022-08-07 20:58:19,63.1792,14.6357,55.85,62,40,3.44
312,Saint-Georges,GD,2022-08-07 20:58:20,12.0564,-61.7485,85.68,74,20,11.5
313,Khandbari,NP,2022-08-07 20:58:20,27.3747,87.2039,73.18,91,44,2.84
314,Katsuura,JP,2022-08-07 20:58:21,35.1333,140.3,80.58,88,5,12.88
315,Geraldton,AU,2022-08-07 20:58:21,-28.7667,114.6,52.21,93,100,12.66
316,Clyde River,CA,2022-08-07 20:58:22,70.4692,-68.5914,43.03,81,100,6.91
317,Bone,DE,2022-08-07 20:58:22,51.9669,12.1396,65.28,52,15,5.28
318,Campbell River,CA,2022-08-07 20:58:22,50.0163,-125.2446,82.6,50,0,6.91
319,Presidencia Roque Saenz Pena,AR,2022-08-07 20:58:23,-26.7852,-60.4388,68.07,48,0,9.6
320,Chino Valley,US,2022-08-07 20:59:23,34.7575,-112.4538,93.42,39,0,13.8
321,Mayumba,GA,2022-08-07 20:59:23,-3.432,10.6554,67.57,89,48,5.17
322,Kieta,PG,2022-08-07 20:59:24,-6.2167,155.6333,78.84,84,95,1.16
323,Touros,BR,2022-08-07 20:59:24,-5.1989,-35.4608,76.55,76,8,12.21
324,Raudeberg,NO,2022-08-07 20:59:24,61.9875,5.1352,53.96,63,95,13.38
325,Lavrentiya,RU,2022-08-07 20:59:25,65.5833,-171.0,36.9,89,100,16.62
326,Thunder Bay,CA,2022-08-07 20:55:51,48.4001,-89.3168,66.11,45,75,10.36
327,Kutum,SD,2022-08-07 20:59:25,14.2,24.6667,72.5,70,57,13.06
328,Port Macquarie,AU,2022-08-07 20:59:25,-31.4333,152.9167,50.9,77,29,14.25
329,Codrington,AU,2022-08-07 20:59:26,-38.2667,141.9667,37.69,90,7,7.54
330,Aktash,RU,2022-08-07 20:59:26,50.3,87.7333,44.64,91,100,4.03
331,Hualmay,PE,2022-08-07 20:59:26,-11.0964,-77.6139,64.42,76,57,12.77
332,Grand Forks,US,2022-08-07 20:59:27,47.9417,-97.4337,62.78,55,100,7.2
333,Taos,US,2022-08-07 20:59:27,36.4072,-105.5731,77.45,41,76,1.01
334,Atambua,ID,2022-08-07 20:59:27,-9.1061,124.8925,69.17,86,15,3.83
335,Ventspils,LV,2022-08-07 20:56:17,57.3894,21.5606,58.93,88,100,3.44
336,Melbourne,US,2022-08-07 20:56:50,28.0836,-80.6081,90.07,71,75,13.8
337,Udachnyy,RU,2022-08-07 20:59:28,66.4167,112.4,46.45,93,100,9.33
338,Kirakira,SB,2022-08-07 20:59:28,-10.4544,161.9205,79.68,84,95,6.67
339,Morondava,MG,2022-08-07 20:59:28,-20.2833,44.2833,71.55,77,0,11.18
340,Encheng,CN,2022-08-07 20:59:29,22.1839,112.3026,77.23,95,96,3.96
341,Henties Bay,NA,2022-08-07 20:59:29,-22.116,14.2845,55.9,86,34,7.67
342,Matara,LK,2022-08-07 20:59:29,5.9485,80.5353,77.43,86,100,12.01
343,Aravete,EE,2022-08-07 20:59:30,59.1403,25.7485,53.19,93,93,4.41
344,Lima,PE,2022-08-07 20:57:12,-12.0432,-77.0282,59.25,77,100,4.61
345,Mafeteng,LS,2022-08-07 20:59:30,-29.823,27.2374,58.6,41,98,13.6
346,Ossora,RU,2022-08-07 20:59:30,59.2353,163.0719,62.44,76,100,5.28
347,Le Mars,US,2022-08-07 20:59:31,42.7942,-96.1656,82.24,74,100,5.75
348,Centenario Do Sul,BR,2022-08-07 20:59:31,-22.8211,-51.5953,68.02,66,100,7.27
349,Whitianga,NZ,2022-08-07 20:59:31,-36.8333,175.7,53.44,89,20,3.04
350,Vila Velha,BR,2022-08-07 20:55:34,-20.3297,-40.2925,80.55,82,0,13.8
351,Kaeo,NZ,2022-08-07 20:59:32,-35.1,173.7833,56.19,88,21,3.69
352,Tabou,CI,2022-08-07 20:59:32,4.423,-7.3528,73.87,80,100,8.28
353,Severo-Kurilsk,RU,2022-08-07 20:59:32,50.6789,156.125,56.7,91,21,7.29
354,Pangnirtung,CA,2022-08-07 20:59:33,66.1451,-65.7125,42.8,87,75,6.91
355,Kavaratti,IN,2022-08-07 20:59:33,10.5669,72.642,80.55,83,99,23.8
356,Gemena,CD,2022-08-07 20:59:33,3.25,19.7667,69.87,99,98,1.12
357,Semily,CZ,2022-08-07 20:59:34,50.6019,15.3355,59.77,67,93,5.01
358,Vostok,RU,2022-08-07 20:59:34,46.4856,135.8833,64.38,99,100,3.11
359,Grenville,GD,2022-08-07 20:59:34,12.1167,-61.6167,86.05,77,6,10.65
360,Yar-Sale,RU,2022-08-07 20:59:35,66.8333,70.8333,66.13,75,0,10.47
361,Challans,FR,2022-08-07 20:59:35,46.8436,-1.8749,77.2,34,9,10.27
362,Quatre Cocos,MU,2022-08-07 20:59:35,-20.2078,57.7625,66.31,76,19,7.83
363,Luderitz,NA,2022-08-07 20:57:07,-26.6481,15.1594,56.88,76,0,8.95
364,Tautira,PF,2022-08-07 20:59:36,-17.7333,-149.15,75.11,74,95,22.95
365,Khilok,RU,2022-08-07 20:59:36,51.3674,110.4676,43.09,91,0,4.97
366,Acapulco,MX,2022-08-07 20:59:36,16.8634,-99.8901,86.49,68,78,8.97
367,Port Hawkesbury,CA,2022-08-07 20:59:37,45.6169,-61.3485,91.35,62,75,13.8
368,Mersin,TR,2022-08-07 20:59:37,36.862,34.6509,79.99,77,4,2.77
369,Ketchikan,US,2022-08-07 21:00:37,55.3422,-131.6461,63.64,65,72,4.16
370,Kindu,CD,2022-08-07 21:00:38,-2.95,25.95,74.7,65,93,2.33
371,Yunyang,CN,2022-08-07 21:00:38,33.4474,112.7142,81.27,80,100,4.32
372,Orlik,RU,2022-08-07 21:00:39,52.5178,99.825,41.74,76,0,0.45
373,Orel,RU,2022-08-07 21:00:39,52.9658,36.0803,66.65,80,100,13.29
374,Mandalgovi,MN,2022-08-07 20:58:16,45.7625,106.2708,60.98,40,57,7.45
375,Depalpur,IN,2022-08-07 21:00:40,22.85,75.55,75.74,92,100,6.91
376,Hambantota,LK,2022-08-07 21:00:40,6.1241,81.1185,78.06,81,100,18.32
377,Payo,ID,2022-08-07 21:00:41,-3.7508,103.6372,71.19,90,8,2.21
378,Nazca,PE,2022-08-07 21:00:41,-14.8333,-74.95,72.1,46,0,9.73
379,Tadine,NC,2022-08-07 21:00:41,-21.55,167.8833,75.47,83,1,6.64
380,Manzhouli,CN,2022-08-07 21:00:42,49.6,117.4333,50.59,68,2,14.92
381,Bonavista,CA,2022-08-07 21:00:42,48.6499,-53.1147,71.53,77,39,20.51
382,Zhigansk,RU,2022-08-07 21:00:43,66.7697,123.3711,49.62,93,93,16.96
383,Pangkalanbuun,ID,2022-08-07 21:00:43,-2.6833,111.6167,70.84,97,14,2.3
384,Manta,EC,2022-08-07 21:00:44,-0.95,-80.7333,75.42,74,7,12.93
385,Isla Aguada,MX,2022-08-07 21:00:44,18.7833,-91.4667,81.46,78,100,11.88
386,Masuguru,TZ,2022-08-07 21:00:45,-11.3667,38.4167,70.18,63,15,4.63
387,Matiri,TZ,2022-08-07 21:00:45,-10.75,34.9,55.02,61,1,2.33
388,Fulton,US,2022-08-07 21:00:46,33.7668,-84.4499,92.08,63,40,5.75
389,Flinders,AU,2022-08-07 21:00:46,-34.5833,150.8552,49.37,80,26,11.39
390,Ust-Tsilma,RU,2022-08-07 21:00:47,65.441,52.1498,65.03,78,10,4.72
391,Kulykivka,UA,2022-08-07 21:00:47,51.3735,31.6466,61.83,96,100,9.48
392,Biak,ID,2022-08-07 20:56:09,-0.9131,122.8766,74.7,85,100,4.68
393,Bubaque,GW,2022-08-07 21:00:47,11.2833,-15.8333,79.74,82,100,14.43
394,Praia Da Vitoria,PT,2022-08-07 21:00:48,38.7333,-27.0667,74.75,92,20,8.23
395,Nhulunbuy,AU,2022-08-07 21:00:48,-12.2333,136.7667,75.81,83,25,9.22
396,Gat,IL,2022-08-07 21:00:49,31.61,34.7642,79.81,64,0,3.11
397,Dovolnoye,RU,2022-08-07 21:00:49,54.4958,79.6671,54.63,96,61,6.35
398,Rio Frio,MX,2022-08-07 21:00:50,19.35,-98.6667,66.24,56,100,4.03
399,Stornoway,GB,2022-08-07 21:00:50,58.2093,-6.3865,58.96,89,100,10.36
400,Shahr-E Kord,IR,2022-08-07 21:00:50,32.3256,50.8644,74.35,42,98,4.07
401,Mombaca,BR,2022-08-07 21:00:51,-5.7431,-39.6275,77.47,47,5,3.02
402,Ixtapa,MX,2022-08-07 20:58:49,20.7,-105.2,88.23,72,90,3.0
403,Pingliang,CN,2022-08-07 21:00:51,35.5392,106.6861,76.19,69,100,4.9
404,Palestina,PS,2022-08-07 21:00:52,31.9216,35.2033,71.35,80,0,3.83
405,Rudnogorsk,RU,2022-08-07 21:00:52,57.2639,103.7519,48.96,97,58,3.56
406,Saint George,US,2022-08-07 20:56:44,37.1041,-113.5841,102.43,19,0,4.0
407,Soyo,AO,2022-08-07 21:00:53,-6.1349,12.3689,68.4,88,5,7.34
408,Saldanha,ZA,2022-08-07 21:00:53,-33.0117,17.9442,55.35,96,32,13.85
409,Piterka,RU,2022-08-07 21:00:53,50.6803,47.4454,77.5,35,39,11.59
410,Ajtos,BG,2022-08-07 21:00:54,42.7,27.25,74.62,55,0,6.26
411,Talnakh,RU,2022-08-07 21:00:54,69.4865,88.3972,54.79,95,100,8.03
412,Prince Rupert,CA,2022-08-07 21:00:13,54.3161,-130.3201,61.84,75,94,5.53
413,Sao Jose Da Coroa Grande,BR,2022-08-07 21:01:54,-8.8978,-35.1478,75.02,72,47,9.46
414,Belyy Yar,RU,2022-08-07 21:01:55,53.6039,91.3903,51.69,81,0,4.47
415,Ornes,NO,2022-08-07 21:01:55,66.8689,13.7078,48.06,87,90,4.83
416,Ajdabiya,LY,2022-08-07 21:01:56,30.7554,20.2263,80.06,74,0,13.27
417,Turukhansk,RU,2022-08-07 21:01:56,65.8167,87.9833,51.42,85,100,2.37
418,Buribay,RU,2022-08-07 21:01:56,51.9617,58.1592,64.33,76,27,7.31
419,Lata,PT,2022-08-07 20:57:05,40.1629,-8.3327,61.52,88,0,2.13
420,Mount Gambier,AU,2022-08-07 21:01:57,-37.8333,140.7667,39.2,91,10,4.47
421,Santiago Del Estero,AR,2022-08-07 21:01:39,-27.7951,-64.2615,66.67,43,60,8.32
422,Rolandia,BR,2022-08-07 20:59:09,-23.3097,-51.3692,64.31,78,100,6.69
423,Jiangyou,CN,2022-08-07 21:01:57,31.7667,104.7167,77.74,89,100,3.33
424,Whitehorse,CA,2022-08-07 20:58:29,60.7161,-135.0538,52.57,83,100,2.3
425,Sao Joao Da Barra,BR,2022-08-07 20:59:54,-21.6403,-41.0511,77.09,88,16,14.99
426,Bumba,CD,2022-08-07 21:01:58,2.1833,22.4667,71.53,94,61,1.5
427,Uray,RU,2022-08-07 21:01:58,60.1247,64.7758,64.2,67,46,3.0
428,Zhovkva,UA,2022-08-07 21:01:59,50.0583,23.9726,62.26,56,94,3.13
429,Turayf,SA,2022-08-07 21:01:59,31.6725,38.6637,88.63,27,9,9.84
430,Samana,DO,2022-08-07 21:00:29,19.2056,-69.3369,80.62,86,100,11.12
431,Sao Miguel,BR,2022-08-07 21:01:59,-5.4667,-35.3667,77.77,79,12,11.65
432,Eydhafushi,MV,2022-08-07 21:02:00,5.1033,73.0708,80.82,80,100,15.86
433,Port Augusta,AU,2022-08-07 21:02:00,-32.5,137.7667,40.93,77,0,2.44
434,Isangel,VU,2022-08-07 21:02:00,-19.55,169.2667,78.01,77,5,4.88
435,La Solana,ES,2022-08-07 21:02:01,38.9442,-3.2381,78.44,19,0,5.28
436,Parral,MX,2022-08-07 21:01:03,26.9333,-105.6667,85.01,27,70,12.53
437,Songjianghe,CN,2022-08-07 21:02:02,42.1859,127.479,67.24,99,96,2.17
438,Clonakilty,IE,2022-08-07 21:02:02,51.6231,-8.8706,60.1,78,0,6.13
439,Simao,CN,2022-08-07 21:02:03,22.7886,100.9748,62.8,98,46,1.9
440,Trairi,BR,2022-08-07 20:57:08,-3.2778,-39.2689,78.35,78,5,14.07
441,Maumere,ID,2022-08-07 21:02:03,-8.6199,122.2111,76.06,85,75,5.19
442,Ralivka,UA,2022-08-07 21:02:04,49.5005,23.2406,62.89,74,100,4.61
443,Saint-Paul,RE,2022-08-07 21:02:04,-21.0096,55.2707,68.11,79,87,1.66
444,Tiznit,MA,2022-08-07 21:00:31,29.5833,-9.5,79.56,28,0,2.77
445,Ngunguru,NZ,2022-08-07 21:02:05,-35.6167,174.5,53.6,90,50,3.83
446,Menongue,AO,2022-08-07 21:02:05,-14.6585,17.691,58.87,30,0,4.41
447,Zalantun,CN,2022-08-07 21:02:05,48.0,122.7167,54.05,63,0,7.0
448,Gizo,SB,2022-08-07 21:02:06,-8.103,156.8419,81.63,75,67,3.96
449,Nsoko,SZ,2022-08-07 21:02:06,-27.0333,31.95,64.98,98,11,3.85
450,Gallup,US,2022-08-07 21:02:07,35.5281,-108.7426,79.02,39,20,4.61
451,Ola,RU,2022-08-07 21:02:07,59.5833,151.2833,56.17,79,71,1.54
452,La Palma,US,2022-08-07 21:02:08,33.8464,-118.0467,106.74,42,40,9.22
453,San Julian,MX,2022-08-07 21:02:08,21.0167,-102.1667,76.14,40,100,6.13
454,Rabaul,PG,2022-08-07 21:02:09,-4.1967,152.1721,78.49,78,66,6.51
455,Baykit,RU,2022-08-07 21:02:09,61.67,96.37,55.17,89,81,3.36
456,Puerto Escondido,MX,2022-08-07 21:02:10,15.85,-97.0667,85.44,70,100,6.02
457,Malanje,AO,2022-08-07 21:02:10,-9.5402,16.341,70.59,22,0,2.37
458,Ostrovnoy,RU,2022-08-07 20:57:16,68.0531,39.5131,52.09,75,100,19.15
459,Torrevieja,ES,2022-08-07 21:01:39,37.9787,-0.6822,82.72,76,0,2.57
460,Paamiut,GL,2022-08-07 21:03:11,61.994,-49.6678,43.18,88,4,18.99
461,Tahoua,NE,2022-08-07 21:03:11,14.8888,5.2692,89.22,46,89,7.09
462,Santa Cruz,BO,2022-08-07 21:03:09,-17.8,-63.1667,69.85,94,100,10.36
463,Burnie,AU,2022-08-07 21:03:11,-41.0667,145.9167,41.92,83,15,7.83
464,Gloversville,US,2022-08-07 21:03:12,43.0528,-74.3438,89.62,69,21,9.1
465,Jieshi,CN,2022-08-07 21:03:12,22.8134,115.8257,81.41,82,90,11.18
466,Waipawa,NZ,2022-08-07 21:03:13,-41.4122,175.5153,48.15,95,100,14.36
467,Baculin,PH,2022-08-07 21:03:13,7.4525,126.5842,77.31,85,100,5.32
468,Emba,KZ,2022-08-07 21:03:13,48.8264,58.1442,77.4,37,98,15.41
469,Abu Kamal,SY,2022-08-07 21:03:14,34.4506,40.9171,92.98,16,0,10.27
470,Vanimo,PG,2022-08-07 21:01:18,-2.6741,141.3028,76.6,90,98,4.23
471,Greencastle,US,2022-08-07 21:03:14,39.6445,-86.8647,91.26,71,40,8.05
472,Dickinson,US,2022-08-07 21:03:14,29.4608,-95.0513,96.03,62,40,14.97
473,Chimbote,PE,2022-08-07 21:00:06,-9.0853,-78.5783,65.88,75,68,12.15
474,Brae,GB,2022-08-07 21:03:15,60.3964,-1.353,53.38,92,99,9.66
475,Tema,GH,2022-08-07 21:03:15,5.667,-0.0166,74.79,76,56,11.39
476,Sokode,TG,2022-08-07 21:03:15,8.9833,1.1333,73.4,80,41,2.01
477,Carahue,CL,2022-08-07 21:03:16,-38.7,-73.1667,43.39,98,100,1.63
478,Shelburne,CA,2022-08-07 21:00:12,44.0787,-80.2041,88.75,49,100,14.12
479,Birao,CF,2022-08-07 21:03:16,10.2849,22.7882,71.89,96,88,4.09
480,Birnin Kebbi,NG,2022-08-07 21:03:17,12.4539,4.1975,82.58,67,100,5.32
481,Hurghada,EG,2022-08-07 21:03:17,27.2574,33.8129,90.09,31,6,18.72
482,Banamba,ML,2022-08-07 21:03:17,13.55,-7.45,82.94,64,76,7.0
483,Barrhead,GB,2022-08-07 21:03:17,55.7992,-4.3929,59.02,89,100,6.91
484,Evensk,RU,2022-08-07 21:03:18,61.95,159.2333,55.83,83,100,1.7
485,Sawakin,SD,2022-08-07 21:03:18,19.1059,37.3321,91.17,53,100,15.1
486,Warrington,GB,2022-08-07 21:00:32,53.3925,-2.5802,64.51,80,20,5.75
487,Vardo,NO,2022-08-07 21:03:19,70.3705,31.1107,48.18,87,75,11.5
488,Bougouni,ML,2022-08-07 21:03:19,11.417,-7.479,76.37,83,49,4.92
489,Wewak,PG,2022-08-07 21:03:19,-3.5534,143.6268,78.62,86,92,7.67
490,Santa Lucia,ES,2022-08-07 21:03:20,27.9117,-15.5407,66.76,78,20,25.32
491,Bilibino,RU,2022-08-07 21:03:20,68.0546,166.4372,40.42,60,9,2.64
492,Saint Anthony,US,2022-08-07 21:00:12,45.0205,-93.218,75.97,72,75,6.91
493,Knysna,ZA,2022-08-07 21:03:20,-34.0363,23.0471,58.12,84,24,7.38
494,Ugoofaaru,MV,2022-08-07 21:03:21,5.6667,73.0,80.69,82,100,16.55
495,Riyadh,SA,2022-08-07 21:03:21,24.6877,46.7219,98.74,20,1,9.48
496,Bestobe,KZ,2022-08-07 21:03:21,52.4994,73.0975,63.46,78,99,5.66
497,Guantanamo,CU,2022-08-07 21:03:22,20.1444,-75.2092,89.17,42,7,14.65
498,Saint-Joseph,RE,2022-08-07 21:03:22,-21.3667,55.6167,66.58,80,11,5.84
499,Jawhar,SO,2022-08-07 21:03:22,2.7809,45.5005,72.95,80,100,14.14
500,Beringovskiy,RU,2022-08-07 21:03:23,63.05,179.3167,43.12,63,12,30.11
501,Pipri,IN,2022-08-07 21:03:23,19.8,75.5333,74.43,94,100,7.18
502,Eenhana,NA,2022-08-07 21:03:23,-17.4667,16.3333,65.12,23,0,6.13
503,Jerusalem,IL,2022-08-07 21:00:12,31.769,35.2163,72.12,80,0,4.0
504,Richards Bay,ZA,2022-08-07 21:03:24,-28.783,32.0377,67.19,94,78,6.33
505,Sackville,CA,2022-08-07 21:03:24,45.9188,-64.3846,90.32,74,90,13.56
506,Burns Lake,CA,2022-08-07 21:00:08,54.2331,-125.7533,74.52,37,99,12.91
507,Dimbokro,CI,2022-08-07 21:03:25,6.6451,-4.7048,73.71,77,9,7.02
508,High Rock,BS,2022-08-07 21:03:17,26.6208,-78.2833,87.82,68,100,13.56
509,Hobyo,SO,2022-08-07 21:04:25,5.3505,48.5268,75.33,83,1,27.45
510,Balgazyn,RU,2022-08-07 21:04:26,51.0,95.2,53.67,52,87,2.57
511,Nuuk,GL,2022-08-07 21:04:26,64.1835,-51.7216,43.41,87,75,11.5
512,Garwolin,PL,2022-08-07 21:04:26,51.8975,21.6147,56.84,88,10,7.52
513,Canavieiras,BR,2022-08-07 21:04:27,-15.675,-38.9472,72.1,76,26,5.84
514,Mbala,ZM,2022-08-07 21:00:27,-8.8402,31.3659,58.23,46,2,8.84
515,Kruisfontein,ZA,2022-08-07 21:04:27,-34.0033,24.7314,57.88,88,78,4.92
516,Capitao Poco,BR,2022-08-07 21:04:28,-1.7464,-47.0594,78.89,79,97,4.63
517,Etchoropo,MX,2022-08-07 21:04:28,26.7667,-109.6667,94.41,61,100,8.5
518,Kankaanpaa,FI,2022-08-07 21:04:28,61.8,22.4167,47.16,86,9,4.03
519,Husavik,IS,2022-08-07 21:04:29,66.0449,-17.3389,54.03,92,100,3.18
520,Coahuayana,MX,2022-08-07 21:04:29,18.7333,-103.6833,88.9,59,61,6.04
521,Misantla,MX,2022-08-07 21:04:29,19.9333,-96.8333,80.58,72,70,6.46
522,Sur,OM,2022-08-07 21:04:29,22.5667,59.5289,87.4,62,67,7.74
523,Strezhevoy,RU,2022-08-07 21:04:30,60.7333,77.5889,52.45,83,56,6.06
524,Aljezur,PT,2022-08-07 21:04:30,37.3191,-8.8033,65.48,87,0,5.97
525,Russell,US,2022-08-07 21:04:31,32.3502,-85.1999,94.28,46,0,4.61
526,Zhuzhou,CN,2022-08-07 21:00:16,27.8333,113.15,80.6,70,45,4.88
527,Neiafu,TO,2022-08-07 21:04:31,-18.65,-173.9833,77.94,79,11,20.4
528,Batticaloa,LK,2022-08-07 21:04:31,7.7102,81.6924,80.2,64,96,5.37
529,Azanka,RU,2022-08-07 21:04:32,58.0401,64.7893,62.29,84,85,2.59
530,Sandnessjoen,NO,2022-08-07 21:04:32,66.0217,12.6316,48.72,93,75,5.01
531,Juan Lacaze,UY,2022-08-07 21:04:32,-34.4342,-57.4381,51.12,75,91,18.97
532,Pesochenskiy,RU,2022-08-07 21:04:33,54.1733,36.1094,64.69,96,100,3.6
533,Bela,IN,2022-08-07 21:04:33,25.9333,81.9833,85.69,68,97,8.46
534,Tres Arroyos,AR,2022-08-07 21:04:33,-38.3739,-60.2798,45.63,65,96,7.94
535,Claresholm,CA,2022-08-07 21:04:33,50.0333,-113.5852,87.3,17,0,7.0
536,Santa Barbara,US,2022-08-07 21:04:34,34.7333,-120.0343,91.35,44,0,13.8
537,Iwaki,JP,2022-08-07 21:04:32,37.05,140.8833,79.77,96,19,4.72
538,Mandera,KE,2022-08-07 21:02:20,3.9366,41.867,78.37,46,99,23.73
539,Verkhnyaya Maksakovka,RU,2022-08-07 21:04:34,61.635,50.9674,64.42,88,13,4.47
540,Sibolga,ID,2022-08-07 21:04:35,1.7427,98.7792,75.51,89,96,3.42
541,Andros,GR,2022-08-07 21:04:35,37.8333,24.9333,81.16,63,0,13.0
542,Fukue,JP,2022-08-07 21:04:35,32.6881,128.8419,82.76,82,50,12.03
543,Hervey Bay,AU,2022-08-07 21:04:36,-25.2986,152.8535,55.13,61,0,12.73
544,Inta,RU,2022-08-07 21:04:36,66.0317,60.1659,66.97,63,1,11.23
545,Sechura,PE,2022-08-07 21:04:36,-5.5569,-80.8222,73.96,57,10,17.87
546,Erenhot,CN,2022-08-07 21:04:37,43.6475,111.9767,66.7,53,67,8.63
547,Havre-Saint-Pierre,CA,2022-08-07 21:04:37,50.2334,-63.5986,68.77,55,82,22.15
548,Marawi,PH,2022-08-07 21:04:37,7.9986,124.2928,67.37,95,90,0.98
549,Qui Nhon,VN,2022-08-07 21:04:29,13.7667,109.2333,77.31,87,100,9.4
550,Krasnozerskoye,RU,2022-08-07 21:04:38,53.9828,79.2374,57.04,92,96,8.21
551,Constitucion,CL,2022-08-07 21:00:56,-35.3333,-72.4167,52.52,78,23,9.8
552,Praya,CV,2022-08-07 21:04:38,14.9215,-23.5087,81.14,83,75,8.05
553,Wanaka,NZ,2022-08-07 21:04:38,-44.7,169.15,34.11,76,83,1.99
554,San Cristobal,VE,2022-08-07 21:07:20,7.7669,-72.225,80.78,54,92,6.44
555,Balkanabat,TM,2022-08-07 21:07:20,39.5108,54.3671,88.0,36,3,2.55
556,La Crosse,US,2022-08-07 21:04:44,43.8014,-91.2396,82.33,81,75,10.36
557,Bida,NG,2022-08-07 21:07:21,9.0833,6.0167,76.17,88,100,5.01
558,Shanhetun,CN,2022-08-07 21:07:21,44.7,127.2,59.56,96,7,3.85
559,Yulara,AU,2022-08-07 21:07:22,-25.2406,130.9889,46.26,47,0,9.93
560,Nortelandia,BR,2022-08-07 21:07:22,-14.4547,-56.8028,83.46,53,82,2.71
561,Dedougou,BF,2022-08-07 21:07:23,12.4667,-3.4667,83.34,59,17,7.52
562,Hofn,IS,2022-08-07 21:07:23,64.2539,-15.2082,52.59,98,100,11.61
563,Tukrah,LY,2022-08-07 21:07:24,32.5341,20.5791,80.6,79,0,6.71
564,Nishihara,JP,2022-08-07 21:07:24,26.1842,127.7558,81.68,79,0,4.61
565,Bontang,ID,2022-08-07 21:07:24,0.1333,117.5,74.75,85,98,6.69
566,Bonthe,SL,2022-08-07 21:07:24,7.5264,-12.505,75.65,87,83,9.26
567,Inongo,CD,2022-08-07 21:07:25,-1.95,18.2667,73.83,67,48,6.08
568,Micheweni,TZ,2022-08-07 21:07:25,-4.9667,39.8333,73.9,77,94,13.4
569,Isola Del Liri,IT,2022-08-07 21:07:25,41.6862,13.5823,77.27,68,100,6.49
570,Porbandar,IN,2022-08-07 21:07:26,21.6422,69.6093,82.09,86,100,10.54
571,Arlo,HU,2022-08-07 21:07:26,48.1833,20.2667,60.64,53,11,4.07
572,Margate,GB,2022-08-07 21:07:26,51.3813,1.3862,63.7,72,4,1.99
573,Suwa,JP,2022-08-07 21:07:27,36.038,138.1131,70.95,94,69,2.98
574,Mukhen,RU,2022-08-07 21:07:27,48.1,136.1,67.73,98,100,5.14
575,Alexandria,EG,2022-08-07 21:04:37,31.2156,29.9553,80.4,74,0,8.32
576,Pacific Grove,US,2022-08-07 21:07:00,36.6177,-121.9166,80.38,73,0,12.66
577,Jodar,ES,2022-08-07 21:07:28,37.8406,-3.3526,82.58,26,0,3.44
578,Kangaatsiaq,GL,2022-08-07 21:07:28,68.3065,-53.4641,40.95,94,100,8.3
579,Chapais,CA,2022-08-07 21:07:28,49.7834,-74.8492,65.1,38,100,8.1
580,Misratah,LY,2022-08-07 21:07:29,32.3754,15.0925,82.87,67,0,8.63
581,Senador Jose Porfirio,BR,2022-08-07 21:07:29,-2.5908,-51.9542,83.43,65,90,5.17
582,Iqaluit,CA,2022-08-07 21:07:29,63.7506,-68.5145,45.7,87,99,8.01
583,Rawson,AR,2022-08-07 21:07:30,-43.3002,-65.1023,42.87,71,100,10.63
584,Avera,US,2022-08-07 21:07:30,33.194,-82.5271,86.38,49,95,6.24
585,Manyana,BW,2022-08-07 21:07:30,-23.4,21.7167,64.83,28,3,9.01
586,Borogontsy,RU,2022-08-07 21:07:31,62.6683,131.1683,51.64,86,13,3.31
587,Sapernoye,RU,2022-08-07 21:07:31,60.7167,29.9505,56.66,86,23,5.44
588,Belaya Gora,RU,2022-08-07 21:07:31,68.5333,146.4167,56.75,46,76,14.7
